date,start,end,activity,description
2026-08-01,15:00,17:30,Developer - Coding,"Updated assessment-scoped vendor reputation status, workflow-version handling, and related API behavior."
2026-08-01,17:30,18:00,Developer - Coding,"Preserved manual vendor reputation workflow correlation in orchestration."
2026-08-01,18:00,18:30,Issue/Bug Fixing,"Corrected vendor reputation HITL verification context and review-state handling."
2026-08-03,09:00,17:00,Developer - Coding,"Strengthened vendor reputation workflow completion by making task success updates atomic."
2026-08-04,09:00,17:00,Developer - Coding,"Implemented Microsoft Entra authentication and owner-based SAR authorization."
2026-08-04,17:00,18:15,Developer - Coding,"Finalized Entra authentication and assessment ownership authorization behavior."
2026-08-05,09:00,11:00,Developer - Coding,"Updated report-preview contracts with workflow version, report identifiers, and typed response handling."
2026-08-05,11:00,14:00,Developer - Coding,"Improved NVD product matching and aligned worker dependencies for the updated reputation flow."
2026-08-05,14:00,17:00,Developer - Coding,"Updated the assessment report template."
2026-08-06,09:00,17:00,Developer - Coding,"Updated vendor reputation outbox publishing behavior."
2026-08-06,19:30,20:00,Developer - Coding,"Added assessment risk recalculation event routing in the orchestrator."
2026-08-06,20:00,20:30,Developer - Coding,"Added assessment risk recalculation event handling in the worker."
2026-08-06,21:15,22:00,Developer - Coding,"Updated API Gateway configuration and integrated authentication-related changes."
2026-08-07,09:00,17:00,Developer - Coding,"Added AI analysis response handling, question options, and removed legacy API Gateway configuration."
2026-08-07,18:30,18:45,Developer - Coding,"Added rotating local and Azure Blob logging to the API Gateway."
2026-08-07,18:45,19:00,Developer - Coding,"Added rotating local and Azure Blob logging to the vendor reputation worker."
2026-08-07,19:00,19:15,Developer - Coding,"Added rotating local and Azure Blob logging to the assessment worker."
2026-08-07,19:15,19:30,Developer - Coding,"Added rotating local and Azure Blob logging to the orchestrator."
2026-08-10,09:00,17:00,Architect - Solution Design,"Reviewed event-driven workflow architecture and planned runtime configuration and service integration changes across the SAR backend."
2026-08-11,09:00,17:00,Developer - Testing,"Performed integration testing across assessment, reporting, vendor reputation, and API workflows and investigated inconsistent application behavior."
2026-08-12,09:00,17:00,Issue/Bug Fixing,"Corrected intake counts and report filename handling, and aligned dashboard lists with summary buckets."
2026-08-13,09:00,17:00,Research,"Reviewed authorization and role-management requirements and investigated approaches for consistent access control across SAR APIs."
2026-08-14,09:00,17:00,Architect - Solution Design,"Designed role-precedence and authorization handling for Microsoft Entra roles across assessment workflows."
2026-08-17,09:00,17:00,Architect - Solution Design,"Refined the access-control design for administrator and analyst roles and planned database-driven role precedence."
2026-08-18,09:00,17:00,Developer - Testing,"Validated authentication and authorization scenarios and reviewed role-resolution behavior across protected SAR operations."
2026-08-19,09:00,17:00,Developer - Coding,"Implemented effective role precedence so sar.admin takes priority over sar.analyst."
2026-08-20,09:00,17:00,Developer - Coding,"Added database-driven Microsoft Entra role precedence mapping."
2026-08-21,09:00,17:00,Developer - Coding,"Improved trust-center evidence retrieval and authoritative certification evidence persistence."
2026-08-21,21:30,23:30,Developer - Coding,"Continued hardening trust-center evidence retrieval and certification persistence."
2026-08-22,00:15,01:30,Developer - Coding,"Hardened external risk evidence, multi-URL HITL verification, and effective certification status handling."
2026-08-22,10:00,11:00,Developer - Coding,"Implemented vendor risk rationale and priority HITL recalculation support."
2026-08-22,11:00,11:30,Developer - Coding,"Added orchestrator routing for vendor HITL recalculation."
2026-08-22,16:00,18:30,Developer - Coding,"Updated vendor reputation runtime configuration, refreshed HITL recalculation summaries, and improved certification discovery prioritization."
2026-08-24,09:00,17:00,Issue/Bug Fixing,"Hardened vendor evidence relevance, sentiment processing, trust discovery, news deduplication, and HITL verification state handling."
2026-08-24,21:30,22:45,Issue/Bug Fixing,"Finalized vendor evidence and HITL state hardening across trust discovery and verification."
2026-08-25,09:00,17:00,Developer - Coding,"Updated the assessment report template."
2026-08-26,09:00,17:00,Research,"Reviewed assessment reporting and auditability requirements and identified traceability improvements for risk and checklist workflows."
2026-08-27,09:00,17:00,Architect - Solution Design,"Designed audit-trail coverage for risk recalculation, checklist changes, and vendor HITL review updates."
2026-08-28,09:00,17:00,Developer - Testing,"Validated assessment, reporting, and audit scenarios and refined change-tracking behavior before implementation."
2026-08-31,09:00,12:00,Developer - Coding,"Grounded the executive summary in assessment response data."
2026-08-31,12:00,17:00,Developer - Coding,"Added audit trails for risk recalculation, checklist changes, and VR HITL automatic-result snapshots."
